title,link,authors,year
A Model for Understanding and Assessing Semi-Fake Scientific News Reporting,https://www.taylorfrancis.com/chapters/edit/10.4324/9781003224495-6/model-understanding-assessing-semi-fake-scientific-news-reporting-paola-catenaccio,"P Catenaccio - The Routledge Handbook of Discourse and …, 2023 - taylorfrancis.com",2023
[HTML] Did West Africa's Ebola Outbreak of 2014 Have a Lab Origin?–Independent Science News,https://www.vectorsjournal.org/did-west-africas-ebola-outbreak-of-2014-have-a-lab-origin-independent-science-news/,"S Husseini, J Latham - vectorsjournal.org",N/A
Writing Science for Diverse Audiences: A Corpus-based Discourse Analysis of the Language of Science News and Research Articles,https://scholarworks.gsu.edu/alesl_diss/67/,J Batchelor - 2023 - scholarworks.gsu.edu,2023
Can human intelligence safeguard against artificial intelligence? Exploring individual differences in the discernment of human from AI texts,https://pmc.ncbi.nlm.nih.gov/articles/PMC11092869/,"J Chein, S Martinez, A Barone - Research Square, 2024 - pmc.ncbi.nlm.nih.gov",2024
Recent Advancements in Misinformation Detection,https://link.springer.com/chapter/10.1007/978-3-031-54834-5_2,"A Ekbal, R Kumari - Dive into Misinformation Detection: From Unimodal to …, 2024 - Springer",2024
Network embedding aided vaccine skepticism detection,https://link.springer.com/article/10.1007/s41109-023-00534-x,"F Béres, TV Michaletzky, R Csoma… - Applied Network Science, 2023 - Springer",2023
[PDF] Desing and construction of microcontroller finger-base attendance system,https://worldscientificnews.com/wp-content/uploads/2024/01/WSN-185-2023-148-162-1.pdf,"DC Agumba, M Eze, II Eneh… - … Scientific News, 2023 - worldscientificnews.com",2023
"[PDF] Application of GIS-AHP based category model in the identification of forest fire hazard in Ondo State, Nigeria",https://worldscientificnews.com/wp-content/uploads/2024/01/WSN-181-2023-121-144-4.pdf,"SO Adebowale, O Ayodeji, B Dada… - … Scientific News, 2023 - worldscientificnews.com",2023
A rapid tertiary review at the fake news domain,https://sol.sbc.org.br/index.php/erigo/article/view/27242,"JRS Gomes, VVG Neto, JR Barbosa… - Escola Regional de …, 2023 - sol.sbc.org.br",2023
“This is fake! shared it by mistake”: Assessing the intent of fake news spreaders,https://dl.acm.org/doi/abs/10.1145/3485447.3512264,"X Zhou, K Shu, VV Phoha, H Liu… - Proceedings of the ACM …, 2022 - dl.acm.org",2022
News video indexing and abstraction by specific visual cues: MSC and news caption,https://www.igi-global.com/chapter/news-video-indexing-abstraction-specific/30769,"F Jiang, YJ Zhang - Video data management and information …, 2005 - igi-global.com",2005
[PDF] Overview of Military Operations of US Arms Forces During the First Gulf War,https://scholar.archive.org/work/cjysnftmnjacvejjk6xt5yjof4/access/wayback/http://www.worldscientificnews.com/wp-content/uploads/2017/01/WSN-72-2017-242-247.pdf,"S Wierzbicki, P Mazurczak - World Scientific News, 2017 - scholar.archive.org",2017
[PDF] Approaches in Assessing the Credibility of Online Information,https://conferences.info.uaic.ro/consilr/prevEditions/Consilr_2020.pdf#page=159,"M PETIC, A GOREA, I ȚIȚCHIEV - ISSN 1843-911X, 2020 - conferences.info.uaic.ro",2020
[PDF] Chemical Components of Fan Palm and its Durability in Severe Environment,https://scholar.archive.org/work/l5pxoybwrzdazeorncceinv7qq/access/wayback/http://www.worldscientificnews.com/wp-content/uploads/2015/07/WSN-24-2015-90-102.pdf,"MT Audu, AA Jimoh - World Scientific News, 2015 - scholar.archive.org",2015
[PDF] Reinforcement-Based Learning for Process Classification Task,https://worldscientificnews.com/wp-content/uploads/2024/01/WSN-36-2016-12-26.pdf,"LZ Bashir - World Scientific News, 2016 - worldscientificnews.com",2016
An Improved Model for Detection of Fake News On Social Media Using Deep Learning Algorithms (A Case Study of Twitter Networking Site),https://fanefanejournal.com/FFI/article/view/1184,"MW Bara, AA Goni - Fane-Fane International Multi-Disciplinary …, 2023 - fanefanejournal.com",2023
"[PDF] Using Social Media to Detect Fake News Information Related to Product Marketing: The FakeAds Corpus. Data 2022, 7, 44",https://www.academia.edu/download/90434209/data-07-00044-v2.pdf,"N Alnazzawi, N Alsaedi, F Alharbi, N Alaswad - 2022 - academia.edu",2022
[PDF] Surveillance and Sequestration Issues of Internet of Things (SSIoT),https://www.researchgate.net/profile/Revathi-Velusamy/publication/320237276_REVERSIBLE_DATA_HIDING_WITH_QR_CODE_APPLICATION/links/59d67176a6fdcc52aca7cba5/REVERSIBLE-DATA-HIDING-WITH-QR-CODE-APPLICATION.pdf#page=185,"R Banu, A Taranum - World Scientific News, 2016 - researchgate.net",2016
[PDF] The solar radio burst type II correlated with minor CME contributes to the production of geomagnetic disturbance,https://www.academia.edu/download/98526350/WSN-46-2016-165-175.pdf,"N Husien, ZS Hamidi, MO Ali, NH Zainol… - … Scientific News, 2016 - academia.edu",2016
Bacilli bacterial cell image analysis using active contour segmentation with SVM classifier,https://agro.icm.edu.pl/agro/element/bwmeta1.element.agro-95fe855e-8f85-468c-a443-c5add747ddfd,"P Bannigidad - World Scientific News, 2019 - agro.icm.edu.pl",2019
"Research publications involving proprietary products: science, news, or advertising?",https://publications.aap.org/pediatrics/article-abstract/101/3/468/61922,"RK Kanter - Pediatrics, 1998 - publications.aap.org",1998
"[PDF] Levels, profiles, and sources of total petroleum hydrocarbons (TPHs) in sediments of the Aba River at Ogbor-Hill Region, South-Eastern, Nigeria",https://worldscientificnews.com/wp-content/uploads/2023/12/WSN-187-2024-31-46.pdf,"AA Chokor - World Scientific News, 2024 - worldscientificnews.com",2024
[PDF] Rhetorical Structure Theory as a Feature for Deception Detection in News Reports in the Russian,https://fruct.org/publications/volume-17-ainl-ismw/acm17/files/Pis.pdf,D Pisarevskaya - fruct.org,N/A
Enable people to identify science news based on retracted articles on social media,https://arxiv.org/abs/2309.00912,"W Yaqub, J Kay, M Goldwater - arXiv preprint arXiv:2309.00912, 2023 - arxiv.org",2023
[PDF] Probiotic Bacillus sp. environmental strains as a component of improved dishwasher cleaning product,https://www.academia.edu/download/98976628/WSN_72__2017__141-149.pdf,"J Banaszczyk, G Jędrzejczak, D Zarzeczańska… - … Scientific News, 2017 - academia.edu",2017
[CITATION] An Illustration of ML Models to Determine the Prevalence and Predicting Factors of the First-Day Neonatal Mortality in Bangladesh,N/A,"R Rois - World Scientific News, 2022 - Scientific Publishing House …",2022
[BOOK] Knowledge & Illustrated Scientific News,https://books.google.com/books?hl=en&lr=&id=Huk_AQAAMAAJ&oi=fnd&pg=PA21&dq=%22science+news%22OR%22scientific+news%22+automatic+AND+detection&ots=bq2nRXU8PQ&sig=2JSst-dJW2tdbl6HFY-NEw-EPAE,"AC Ranyard, BFS Baden-Powell, ES Grew, WM Webb… - 1885 - books.google.com",N/A
Science communication and the nature of the social media audience: Breaking and spreading of science news on Twitter in the South African context,https://scholar.sun.ac.za/handle/10019.1/100908,RS Van Rooyen - 2017 - scholar.sun.ac.za,2017
AN AMALGAMATION OF DECISION TREE AND COSINE KERNEL SVM FOR THE FIRE DETECTION IN FOREST COVER.,https://go.gale.com/ps/i.do?id=GALE%7CA678693462&sid=googleScholar&v=2.1&it=r&linkaccess=abs&issn=10562176&p=AONE&sw=w,"P Shenbagam, N Rajkumar - Dynamic Systems and Applications, 2021 - go.gale.com",2021
Automated detection of misinformation sources on social media,https://repositum.tuwien.at/handle/20.500.12708/20194,V Rupprecht - 2022 - repositum.tuwien.at,2022
[PDF] A Single Substitute Review Creation Using Data Mining Techniques,https://www.researchgate.net/profile/Rishabh-Saxena-13/publication/328696217_A_Single_Substitute_Review_Creation_Using_Data_Mining_Techniques/links/5bdc55cda6fdcc3a8db89b59/A-Single-Substitute-Review-Creation-Using-Data-Mining-Techniques.pdf,"R Varma, R Saxena - World Scientific News, 2018 - researchgate.net",2018
EPISCIENCES–an overlay publication platform,https://content.iospress.com/articles/information-services-and-use/isu749,"C Berthaud, L Capelli, J Gustedt… - … services & use, 2014 - content.iospress.com",2014
[PDF] Emotional text tagging,http://gbuscher.com/publications/IsmailBiedert11_EmotionalTextTagging.pdf,"F Ismail, R Biedert, A Dengel, G Buscher - IUI, 2011 - gbuscher.com",2011
[PDF] Fabrication of a DTMF Based Guided Vehicle,https://www.researchgate.net/profile/R-S-Krishna/publication/336252666_Fabrication_of_a_DTMF_Based_Guided_Vehicle/links/5d96fb5b92851c2f70e83a03/Fabrication-of-a-DTMF-Based-Guided-Vehicle.pdf,"RS Krishna - World Scientific News, 2019 - researchgate.net",2019
[PDF] Verginica Barbu Mititelu Elena Irimia Dan Tufiș,https://www.researchgate.net/profile/Mircea-Petic/publication/349830610_Approaches_In_Assessing_The_Credibility_Of_Online_Information/links/60429e3f4585154e8c79f72e/Approaches-In-Assessing-The-Credibility-Of-Online-Information.pdf,D Cristea - researchgate.net,N/A
[HTML] A survey of event extraction methods from text for decision support systems,https://www.sciencedirect.com/science/article/pii/S0167923616300173,"F Hogenboom, F Frasincar, U Kaymak… - Decision Support …, 2016 - Elsevier",2016
[HTML] Discovery of seven-exoplanet system energizes world science news,https://pubs.aip.org/physicstoday/Online/11892/Discovery-of-seven-exoplanet-system-energizes,ST Corneliussen - 2017 - pubs.aip.org,2017
A multilevel transfer learning technique and LSTM framework for generating medical captions for limited CT and DBT images,https://link.springer.com/article/10.1007/s10278-021-00567-7,"RV Aswiga, AP Shanthi - Journal of digital imaging, 2022 - Springer",2022
What is this Text about?,https://dl.acm.org/doi/abs/10.1145/944868.944894,"N Hernandez, B Grau - Proceedings of the 21st annual international …, 2003 - dl.acm.org",2003
"[PDF] Quality assessment of some sachet water produced and sold around Owerri North local government area of Imo State, Nigeria",https://www.researchgate.net/profile/Enyoh-Ebere/publication/366605945_Quality_Assessment_of_Some_Sachet_Water_Produced_and_Sold_Around_Owerri_North_Local_Government_Area_of_Imo_State_Nigeria/links/63aad6e403aad5368e458120/Quality-Assessment-of-Some-Sachet-Water-Produced-and-Sold-Around-Owerri-North-Local-Government-Area-of-Imo-State-Nigeria.pdf,"FC Ibe, AS Ahmad, MC Ashabelem… - … Scientific News, 2023 - researchgate.net",2023
[PDF] Antisurge systems-state of the art,https://scholar.archive.org/work/hyxcsbkeqbcodcbnrr2ucfl2ry/access/wayback/http://www.worldscientificnews.com/wp-content/uploads/2017/07/WSN-812-2017-53-68.pdf,"F Grapow - World Scientific News, 2017 - scholar.archive.org",2017
[PDF] A quality control test for general x-ray machine,https://scholar.archive.org/work/pxyqvemhqzfyzenuetu2wriukq/access/wayback/http://www.worldscientificnews.com/wp-content/uploads/2017/08/WSN-90-2017-11-30.pdf,"AK AL-Jasim, S Hulugalle… - … Scientific News, 2017 - scholar.archive.org",2017
[BOOK] Dive Into Misinformation Detection,https://link.springer.com/content/pdf/10.1007/978-3-031-54834-5.pdf,"A Ekbal, R Kumari - 2024 - Springer",2024
[PDF] Defect reduction by total quality management in a crackers manufacturing system,https://www.researchgate.net/profile/Md-Zahid-Hasan/publication/324808528_Defect_Reduction_by_Total_Quality_Management_in_a_Crackers_Manufacturing_System/links/5ae364f5aca272ba507ceaee/Defect-Reduction-by-Total-Quality-Management-in-a-Crackers-Manufacturing-System.pdf,"MZ Hasan, A Rezwan, MR Islam, A Dutta - World Scientific News, 2018 - researchgate.net",2018
[PDF] Fake News Detection with Journalists-in-the Loop,https://www.researchgate.net/profile/Soniya-Vijayakumar-4/publication/376416125_Fake_News_Detection_with_Journalists-in-the-Loop/links/657836acea5f7f020561ad91/Fake-News-Detection-with-Journalists-in-the-Loop.pdf,"S Vijayakumar, SM Yimam - 2021 - researchgate.net",2021
Countering misinformation: A multidisciplinary approach,https://journals.sagepub.com/doi/abs/10.1177/20539517211013848,"KT Gradoń, JA Hołyst, WR Moy… - Big Data & …, 2021 - journals.sagepub.com",2021
[PDF] Wireless Sensor Based Health Monitoring System for Co-Morbid Patient,https://www.researchgate.net/profile/Sujithra_Muthuswamy/publication/301887107_Internet_of_Things_-_An_Overview/links/5b07a9e80f7e9b1ed7f1ec20/Internet-of-Things-An-Overview.pdf#page=28,"D Priyanka, A Saranya, SS Priyanka… - … Scientific News, 2016 - researchgate.net",2016
MINT-Mainstream and independent news text corpus,https://link.springer.com/chapter/10.1007/978-3-030-98305-5_3,"D Caled, P Carvalho, MJ Silva - International Conference on …, 2022 - Springer",2022
ATTICA: A dataset for Arabic text-based traffic panels detection,https://ieeexplore.ieee.org/abstract/document/9466101/,"KS Boujemaa, M Akallouch, I Berrada… - IEEE …, 2021 - ieeexplore.ieee.org",2021
"[PDF] Text mining in unstructured text: techniques, methods and analysis",https://www.researchgate.net/profile/Tapati-Basak/publication/375583862_Text_mining_in_unstructured_text_techniques_methods_and_analysis/links/6550735c3fa26f66f4f47eca/Text-mining-in-unstructured-text-techniques-methods-and-analysis.pdf,"MA Razzaqe, T Basak - World Scientific News, 2022 - researchgate.net",2022
[PDF] Survey on Message Filtering Techniques for On-line Social Network,https://www.academia.edu/download/97130363/WSN-40-2016-163-174.pdf,"MN Rajkumar, P Kayathri, V Dhurka - World Scientific News, 2016 - academia.edu",2016
[PDF] A microcontroller-based combinational lock system,https://worldscientificnews.com/wp-content/uploads/2024/01/WSN-181-2023-32-52.pdf,"KA Abdulsalam, JA Adebisi… - … Scientific News, 2023 - worldscientificnews.com",2023
Science News Audiences in the Middle East,https://link.springer.com/chapter/10.1007/978-3-031-14252-9_9,"A Alhuntushi, J Lugo-Ocando - Science Journalism in the Arab World: The …, 2023 - Springer",2023
"[PDF] Metallic contaminant levels of borehole water sources within metal scrap dumpsites in Aboh Mbaise, Imo State, Nigeria",https://www.researchgate.net/profile/Francis-Ibe/publication/340434851_Metallic_contaminant_levels_of_borehole_water_sources_within_metal_scrap_dumpsites_in_Aboh_Mbaise_Imo_State_Nigeria/links/5e8882bba6fdcca789f27790/Metallic-contaminant-levels-of-borehole-water-sources-within-metal-scrap-dumpsites-in-Aboh-Mbaise-Imo-State-Nigeria.pdf,"FC Ibe, BE Ibeachu - World Scientific News, 2020 - researchgate.net",2020
[PDF] Verification and balance in science news: How the New Zealand mass media report scientific claims,http://ir.canterbury.ac.nz/bitstream/10092/4853/1/sessions_thesis.pdf,LA Sessions - 2003 - ir.canterbury.ac.nz,2003
"[PDF] A COMPARATIVE STUDY OF NEWSPAPER COVERAGE PATTERN OF SCIENCE NEWS IN INDIA AND UK, 1987-97",https://core.ac.uk/download/pdf/144518881.pdf,A RIZVI - 2007 - core.ac.uk,2007
[PDF] Detecting and Debunking Fake News and Half-truth: A Survey,https://www.cfilt.iitb.ac.in/~cfiltnew/resources/surveys/2023/survey_half_truth_sandeep_june23.pdf,"S Sandeep, P Bhattacharyya - cfilt.iitb.ac.in",N/A
[PDF] Fake News Detection with the GREEK-BERT Model with a Focus on COVID-19,https://pergamos.lib.uoa.gr/uoa/dl/object/2967905/file.pdf,"DP Fioretos, DA Pantazi… - … Thesis, National and …, 2021 - pergamos.lib.uoa.gr",2021
Error detection for post-editing rule-based machine translation,https://aclanthology.org/2012.amta-wptp.9/,"J Valotkaite, M Asadullah - Workshop on Post-Editing Technology …, 2012 - aclanthology.org",2012
Seismic location station for detection of unobserved moving military machineries,https://dergipark.org.tr/en/pub/jmisci/issue/18983/200443,"A Bayramov, E Hashimov - Journal of Management and Information …, 2016 - dergipark.org.tr",2016
A Comparison of Lexicons for Detecting Controversy,https://par.nsf.gov/biblio/10463434,"C Leberknight, K Kaplun, A Feldman - LREC 2018 Workshop Natural …, 2018 - par.nsf.gov",2018
Optimized XGBoost-based model for accurate detection and classification of COVID-19 pneumonia,https://www.jcbi.org/index.php/Main/article/view/723,"F Malik, M Suliman, MQ Khan, N Rahman… - Journal of Computing & …, 2024 - jcbi.org",2024
"[PDF] Electrical Resistivity and Seismic Refraction Methods of Investigating a Landslide Area: A Case Study of Elu Community, Abia State, Nigeria",https://www.academia.edu/download/104746548/WSN-129-2019-135-146.pdf,"CN Nwankwo, GK Ugbena - World Scientific News, 2019 - academia.edu",2019
[PDF] Political Science News,https://www.memphis.edu/polisci/news-events/newsletters/psnewsletter_2014.pdf,M Kaelberer - memphis.edu,N/A
Theophrastus: On demand and real-time automatic annotation and exploration of (web) documents using open linked data,https://www.sciencedirect.com/science/article/pii/S1570826814000572,"P Fafalios, P Papadakos - Journal of web semantics, 2014 - Elsevier",2014
A Preliminary Observation: Can One Linguistic Feature Be the Deterministic Factor for More Accurate Fake News Detection?,https://www.diva-portal.org/smash/record.jsf?pid=diva2:1782408,Y Chen - 2023 - diva-portal.org,2023
"Fakenewsnet: A data repository with news content, social context, and spatiotemporal information for studying fake news on social media",https://www.liebertpub.com/doi/abs/10.1089/big.2020.0062,"K Shu, D Mahudeswaran, S Wang, D Lee, H Liu - Big data, 2020 - liebertpub.com",2020
[PDF] THE PROBLEM OF FAKE NEWS IN TIMES: DETECTION AND COUNTERMEASURES,https://www.academia.edu/download/86387139/IJRAR1BLP244.pdf,"MR Ashfaq, MR Irfan - 2019 - academia.edu",2019
[PDF] Fake news detection using machine learning,https://matheo.uliege.be/bitstream/2268.2/8416/1/s134450_fake_news_detection_using_machine_learning.pdf,S Lorent - 2019 - matheo.uliege.be,2019
Crisis communications in the age of social media: A network analysis of Zika-related tweets,https://journals.sagepub.com/doi/abs/10.1177/0894439317721985,"L Hagen, T Keller, S Neely, N DePaula… - Social science …, 2018 - journals.sagepub.com",2018
"FakeNewsIndia: A benchmark dataset of fake news incidents in India, collection methodology and impact assessment in social media",https://www.sciencedirect.com/science/article/pii/S0140366422000093,"A Dhawan, M Bhalla, D Arora, R Kaushal… - Computer …, 2022 - Elsevier",2022
Designing digital content to support science journalism,https://dl.acm.org/doi/abs/10.1145/3419249.3420124,"N Maiden, K Zachos, S Franks, R Wells… - Proceedings of the 11th …, 2020 - dl.acm.org",2020
Deep Learning Model for News Quality Evaluation Based on Explicit and Implicit Information.,https://search.ebscohost.com/login.aspx?direct=true&profile=ehost&scope=site&authtype=crawler&jrnl=10798587&AN=175838663&h=ocfYfLF0tCFKYhbXE2Ru%2BvjXtX7j8Ht63oKh%2B9toVFxOyZ5tJ08j3aEeJy9Tfr1W1uKILHaf1gXDy4%2BNX%2BYuHA%3D%3D&crl=c,"G Song, Y Wang, J Li, H Hu - Intelligent Automation & Soft …, 2023 - search.ebscohost.com",2023
[PDF] A Text Classifier Model for Categorizing Feed Contents Consumed by a Web Aggregator,https://pdfs.semanticscholar.org/32a5/f0afc198e972f56cd8caba79dd73fc959321.pdf,"HOD Longe, F Salami - International Journal of Advanced …, 2014 - pdfs.semanticscholar.org",2014
[PDF] Information Retrieval System for Internet of Things: A Survey,https://www.researchgate.net/profile/Vijayalakshmi-Sr/publication/308379692_Challenges_in_Integrating_Wireless_Sensor_Network_and_Internet_of_Things_for_Environmental_Monitoring/links/57e271b208ae1f0b4d95c83c/Challenges-in-Integrating-Wireless-Sensor-Network-and-Internet-of-Things-for-Environmental-Monitoring.pdf#page=91,"C Indhu, S Sivakumari, RP Priyadharsini - World Scientific News, 2016 - researchgate.net",2016
Multilingual transformer-based personality traits estimation,https://www.mdpi.com/2078-2489/11/4/179,"S Leonardi, D Monti, G Rizzo, M Morisio - Information, 2020 - mdpi.com",2020
News Text Corpus,https://books.google.com/books?hl=en&lr=&id=Df9kEAAAQBAJ&oi=fnd&pg=PA26&dq=%22science+news%22OR%22scientific+news%22+automatic+AND+detection&ots=UHn9vb9L5r&sig=bPwpZc4OWt0bn2ht3Nzgg9UL1dk,"D Caled, P Carvalho, MJ Silva - Computational Processing of the …, 2022 - books.google.com",2022
Discovering New Sensitive Words Based on Sensitive Information Categorization,https://link.springer.com/chapter/10.1007/978-3-030-24274-9_30,"P Liu, Y Li, Z Cai, S Chen - … 5th International Conference, ICAIS 2019, New …, 2019 - Springer",2019
Automated plant leaf disease detection and classification using fuzzy based function network,https://link.springer.com/article/10.1007/s11277-021-08734-3,"SS Chouhan, UP Singh, S Jain - Wireless Personal Communications, 2021 - Springer",2021
[PDF] AugmentedFruitVegML: Enhancing Postharvest Quality of Fruits and Vegetables for Improved Freshness Detection and Classification,https://www.researchgate.net/profile/Happy-Monday/publication/388831421_AugmentedFruitVegML_Enhancing_Postharvest_Quality_of_Fruits_and_Vegetables_for_Improved_Freshness_Detection_and_Classification/links/67a88d8d461fb56424d12ec8/AugmentedFruitVegML-Enhancing-Postharvest-Quality-of-Fruits-and-Vegetables-for-Improved-Freshness-Detection-and-Classification.pdf,"GC Olumba, GU Nneji, HN Monday, RI Nneji… - researchgate.net",N/A
[PDF] DESIGN AND CONSTRUCTION OF A HIDDEN/MISPLACED ACTIVE CELL PHONE DETECTOR,https://worldscientificnews.com/wp-content/uploads/2025/01/WSN-199-2025-32-55.pdf,"RC Law-Obi, IA Ezenugu, J Uzoho, FN Law-Obi… - worldscientificnews.com",N/A
Corporate Greenwashing Detection in Text-a Survey,https://arxiv.org/abs/2502.07541,"T Calamai, O Balalau, TL Guenedal… - arXiv preprint arXiv …, 2025 - arxiv.org",2025
Computer vision-based precision livestock farming: An overview of the challenges and opportunities,http://psjd.icm.edu.pl/psjd/element/bwmeta1.element.psjd-a2f94264-0849-434b-ab6f-12f7af7084e5,"DA Olubummo, RW Bello - World News of Natural Sciences, 2024 - psjd.icm.edu.pl",2024
The various dimensions of disinformation: an introduction,https://www.taylorfrancis.com/chapters/edit/10.4324/9781003224495-1/various-dimensions-disinformation-stefania-maci-massimiliano-demata-philip-seargeant-mark-mcglashan,"SM Maci, M Demata, P Seargeant… - … Routledge handbook of …, 2024 - taylorfrancis.com",2024
"[PDF] Modeling the Impact of Agriculture, Export Earnings and Inflation on Gross Domestic Product Using the Generalized Least Square (GLS) Approach",https://www.academia.edu/download/79297139/WSN-1342-2019-326-334.pdf,"AS Henry, J Simon, AA Gwani - World Scientific News, 2019 - academia.edu",2019
The impact of combining arabic sarcasm detection datasets on the performance of bert-based model,https://ieeexplore.ieee.org/abstract/document/9811141/,"R Obeidat, A Bashayreh… - 2022 13th International …, 2022 - ieeexplore.ieee.org",2022
[PDF] Classification of long bone x-ray images using new features and support vector machine,https://www.researchgate.net/profile/Muneera-Altayeb/publication/352262091_Classification_of_Long_Bone_X-ray_Images_using_New_features_and_Support_Vector_Machine/links/65b401071e1ec12eff4fc830/Classification-of-Long-Bone-X-ray-Images-using-New-features-and-Support-Vector-Machine.pdf,"A Al-Ghraibah, M Algharibeh, W AlMohtasib… - International …, 2021 - researchgate.net",2021
Detecting political biases of named entities and hashtags on Twitter,https://epjds.epj.org/articles/epjdata/abs/2023/01/13688_2023_Article_386/13688_2023_Article_386.html,"Z Xiao, J Zhu, Y Wang, P Zhou, WH Lam… - EPJ Data …, 2023 - epjds.epj.org",2023
Hashimoto's thyroiditis,https://publicum.umed.lodz.pl/info/article/AMLc6ddbe0e4e83476bad8490f542f13dc2?r=publication&ps=20&lang=pl&title=Publication%2B%25E2%2580%2593%2BHashimoto%25E2%2580%2599s%2Bthyroiditis%2B%25E2%2580%2593%2BMedical%2BUniversity%2Bof%2BLodz&pn=1&cid=230108,"E Machała, M Redynk, I Iavorska… - … Scientific News, 2019 - publicum.umed.lodz.pl",2019
[PDF] Pattern analysis of news media content,https://citeseerx.ist.psu.edu/document?repid=rep1&type=pdf&doi=f9e50e70fd5a63606c4c0ee39944f307bd884686,I Flaounas - 2011 - Citeseer,2011
Investigating the significance of New features extracted from long bones X-ray images,https://ieeexplore.ieee.org/abstract/document/9265163/,"A Al-Ghraibah, M Algharibeh… - 2020 IEEE 5th …, 2020 - ieeexplore.ieee.org",2020
Characterizing the spread of exaggerated health news content over social media,https://dl.acm.org/doi/abs/10.1145/3342220.3344927,"J Patro, S Baruah, V Gupta, M Choudhury… - Proceedings of the 30th …, 2019 - dl.acm.org",2019
"[PDF] Attitudes of Oak Ridge (Martin Marietta Energy Systems, Inc.) scientists and engineers toward science news in local newspapers",https://trace.tennessee.edu/cgi/viewcontent.cgi?article=13768&context=utk_gradthes,SA Guthrie - 1992 - trace.tennessee.edu,1992
[PDF] Developing Smart Environmental solutions using Internet of Things for Smart City Infrastructure: A Survey,https://www.academia.edu/download/92559718/WSN_142__2020__60-75.pdf,"S Aradhyamatada, UM Rohitha - World Scientific News, 2020 - academia.edu",2020
[PDF] COMBATING FAKE NEWS USING INTELLIGENT SYSTEMS,https://www.researchgate.net/profile/Jhansi-Rani-M-R-2/publication/382643050_Overconfidence_Bias_Finance_Risk_Taking_Attitude_and_Mutual_Fund_Investment_Decision/links/66a786c9de060e4c7e671254/Overconfidence-Bias-Finance-Risk-Taking-Attitude-and-Mutual-Fund-Investment-Decision.pdf#page=657,"J KAUR, H SINGH - Stochastic Modeling - researchgate.net",N/A
Multi-domain bearing fault diagnosis using support vector machine,https://ieeexplore.ieee.org/abstract/document/9573613/,"RK Mishra, A Choudhary, AR Mohanty… - 2021 IEEE 4th …, 2021 - ieeexplore.ieee.org",2021
[PDF] Analyse the Metrological Data Using Data Mining Technique,https://www.researchgate.net/profile/Sujithra_Muthuswamy/publication/301887107_Internet_of_Things_-_An_Overview/links/5b07a9e80f7e9b1ed7f1ec20/Internet-of-Things-An-Overview.pdf#page=256,"P Vanitha, M Mayilvaganan - World Scientific News, 2016 - researchgate.net",2016
[PDF] Natural Language Processing meets Journalism III-Proceedings of the LREC 2018 workshop,https://cris.fbk.eu/bitstream/11582/314299/2/book_of_proceedings.pdf,"C Strapparava, O Popescu - 2018 - cris.fbk.eu",2018
Challenges and issues on online news management,https://ieeexplore.ieee.org/abstract/document/6190574/,"WMS Yafooz, SZZ Abidin… - 2011 IEEE International …, 2011 - ieeexplore.ieee.org",2011
Automatic Plant Watering System Using IoT System,https://myjms.mohe.gov.my/index.php/IJEISR/article/view/24475,"Z Gani, HN Gani, Z Yunus… - International Journal of …, 2023 - myjms.mohe.gov.my",2023
Fake News: The Role of Personality and Cognitive Traits on Fake News Believability and Fake News Type,https://papers.ssrn.com/sol3/papers.cfm?abstract_id=4913308,"E White, G Galli - Available at SSRN 4913308 - papers.ssrn.com",N/A
Development of image recognition system for analogue meter's reading detection,http://eprints.utar.edu.my/id/eprint/4963,YJ Chong - 2022 - eprints.utar.edu.my,2022
[PDF] Online Misinformation Debunking Framework,https://www.researchgate.net/profile/Tam-Nguyen-83/publication/335757603_Online_Misinformation_Debunking_Framework/links/5d7a1c1492851cacdb32977d/Online-Misinformation-Debunking-Framework.pdf,TT NGUYEN - researchgate.net,N/A
[PDF] 3D Mapping by photogrammetry and LiDAR in forest studies,https://www.researchgate.net/profile/Firoz-Ahmad-2/publication/323756185_3D_Mapping_by_Photogrammetry_and_LiDAR_in_Forest_Studies/links/5aab9b2445851521c8486383/3D-Mapping-by-Photogrammetry-and-LiDAR-in-Forest-Studies.pdf,"A Firoz, MM Uddin, L Goparaju - World Scientific News, 2018 - researchgate.net",2018
"[PDF] A Comparative Study of the Proximate Compositions and Oil Characterization of Sesame (Sesamum indicum L.), Groundnut (Arachis hypogaea) and Bambara …",https://www.researchgate.net/profile/Daniel-Omokpariola/publication/376704872_A_Comparative_Study_of_the_Proximate_Compositions_and_Oil_Characterization_of_Sesame_Sesamum_indicum_L_Groundnut_Arachis_hypogaea_and_Bambara_Vigna_subterranean_Seeds_Harvested_in_Nigeria/links/6584347e2468df72d3c0e38c/A-Comparative-Study-of-the-Proximate-Compositions-and-Oil-Characterization-of-Sesame-Sesamum-indicum-L-Groundnut-Arachis-hypogaea-and-Bambara-Vigna-subterranean-Seeds-Harvested-in-Nigeria.pdf,"EJ Morah, DO Omokpariola, AE Ozukwe… - … Scientific News, 2024 - researchgate.net",2024
[PDF] Design and implementation of programmable ultrafast circuit breaker with solid state relay,https://www.academia.edu/download/92934000/WSN_50__2016__148-159.pdf,"ME Omotayo, A Olawuni - World Scientific News, 2016 - academia.edu",2016
Twitter as a research tool in science communication,https://digital.csic.es/handle/10261/264563,E Denia - 2021 - digital.csic.es,2021
"[PDF] Educational approaches, components and paradigms affecting reading; strategies for strengthening reading",https://www.academia.edu/download/101892505/WSN-28-2016-101-112.pdf,"H Lotfi, KF Zadeh - World Scientific News, 2016 - academia.edu",2016
""" Beware of deception"": Detecting Half-Truth and Debunking it through Controlled Claim Editing",https://arxiv.org/abs/2308.07973,"S Singamsetty, N Madaan, S Mehta… - arXiv preprint arXiv …, 2023 - arxiv.org",2023
User-Enriched Embedding for Fake News Detection on Social Media,https://link.springer.com/chapter/10.1007/978-3-031-07969-6_44,"O Hebroune, L Benhiba - International Conference On Big Data and …, 2021 - Springer",2021
[HTML] Security provision for protecting intelligent sensors and zero touch devices by using blockchain method for the smart cities,https://www.sciencedirect.com/science/article/pii/S0141933122000631,"KU Nisa, A Alhudhaif, KN Qureshi, HJ Hadi… - Microprocessors and …, 2022 - Elsevier",2022
"Low Cost (CAPEX and variable): Tool design for cell and module fabrication with thin, free-standing silicon wafers",https://www.osti.gov/biblio/1618395,"Z Liu, S Bonner, T Buonassisi, E Sachs - 2020 - osti.gov",2020
[PDF] Reduction of BER using RSC code for Optical Code Division Multiple Access Networks,https://www.researchgate.net/profile/Satyasen-Panda/publication/325817495_Reduction_of_BER_using_RSC_code_for_Optical_Code_Division_Multiple_Access_Networks/links/5b2744c7aca272277fb7059b/Reduction-of-BER-using-RSC-code-for-Optical-Code-Division-Multiple-Access-Networks.pdf,"S Panda - World Scientific News, 2017 - researchgate.net",2017
[PDF] Design of Potential Drugs and Vaccines for COVID 19 by the Application of Machine Learning and Artificial Intelligence,http://www.rjlbpcs.com/article-pdf-downloads/2023/54/853.pdf,"I Sarkar, S Sarkar - World Scientific News, 2023 - rjlbpcs.com",2023
[PDF] Production of coronal mass ejections in relation with complex solar radio burst Type III correlated with single solar radio burst type III,https://worldscientificnews.com/wp-content/uploads/2024/01/WSN-36-2016-96-108.pdf,"NH Hussien, ZS Hamidi, MO Ali… - … Scientific News, 2016 - worldscientificnews.com",2016
Natural language processing methods for detecting and measuring the impact of scientific work beyond academia,https://wrap.warwick.ac.uk/id/eprint/176588/,J Ravenscroft - 2022 - wrap.warwick.ac.uk,2022
Plant Health Check: Emerging Methods for Disease Detection,https://link.springer.com/chapter/10.1007/978-3-031-56011-8_4,"KA Abd-Elsalam, RK Hassan, FK Ahmed… - … under Climate Change …, 2024 - Springer",2024
[PDF] IMPACT OF INFORMATION SUBSIDIES ON STUDENT NEWS WRITERS'THINKING ABOUT SCIENCE NEWS,https://www.academia.edu/download/87410799/AJMPVol2Nos1-4.pdf#page=103,"WONY JANG, E FREDERICK… - MICHAEL G. ELASMAR …, 2009 - academia.edu",2009
"[PDF] Trend of coastline change for twenty years (1994-2014) in Cirebon, Indonesia",https://www.researchgate.net/profile/Syawaludin-Harahap/publication/337223658_Trend_of_coastline_change_for_twenty_years_1994-2014_in_Cirebon_Indonesia/links/5dcc05f5299bf1a47b363e0e/Trend-of-coastline-change-for-twenty-years-1994-2014-in-Cirebon-Indonesia.pdf,"SA Harahap, NP Purba, ML Syamsuddin - World Scientific News, 2019 - researchgate.net",2019
[PDF] Time Series ARIMA Model for Predicting Nigeria Net Foreign Direct Investment (FDI),https://www.researchgate.net/profile/Joel-Simon-6/publication/374618851_Time_Series_ARIMA_Model_for_Predicting_Nigeria_Net_Foreign_Direct_Investment_FDI/links/652732d361c4044c404cccbc/Time-Series-ARIMA-Model-for-Predicting-Nigeria-Net-Foreign-Direct-Investment-FDI.pdf,"SH Akpensuen, EE Edeghagba, AG Alhaji… - … Scientific News, 2019 - researchgate.net",2019
A dynamic hierarchical fuzzy clustering algorithm for information filtering,https://link.springer.com/chapter/10.1007/3-540-31590-X_1,"G Bordogna, M Pagani1, G Pasi - Soft Computing in Web Information …, 2006 - Springer",2006
Keyword extraction from news corpus by deep learning in the context of internet of things,https://www.inderscienceonline.com/doi/abs/10.1504/IJGUC.2023.131005,"Y Xiao - International Journal of Grid and Utility Computing, 2023 - inderscienceonline.com",2023
MulTed: A multilingual aligned and tagged parallel corpus,https://www.emerald.com/insight/content/doi/10.1016/j.aci.2018.12.003/full/html,"I Zeroual, A Lakhouaja - Applied Computing and Informatics, 2022 - emerald.com",2022
[PDF] A Comprehensive Review on Fake News Detection With Deep Learning,https://www.academia.edu/download/75785935/09620068.pdf,"MM MONOWAR, MDS RAHMAN - academia.edu",N/A
[CITATION] A Survey on Internet of Things Architecture,N/A,"T Nandhini, MS Parveen… - … Scientific …, 2016 - Scientific Publishing House …",2016
[PDF] 1. Article type: Original research 2. Corresponding author info,https://www.researchgate.net/profile/Loni-Hagen-2/publication/319209020_Crisis_Communications_in_the_Age_of_Social_Media/links/599d76e40f7e9b892bb3c8b9/Crisis-Communications-in-the-Age-of-Social-Media.pdf,"L Hagen, S Neely, N DePaula, L Hagen, T Keller… - researchgate.net",N/A
[PDF] Science in post-truth society: New media and social perception of science,https://www.academia.edu/download/57101082/Pavic_Znanost_i_post-istina.pdf,"Ž Pavić, A Šundalić - Media, culture and public relations, 2017 - academia.edu",2017
A detailed investigation on forest monitoring system for wildfire using iot,https://ebooks.iospress.nl/doi/10.3233/ATDE221275,"UJ Wesly, R Venkata Sai Chaitanya… - … in Electronics and …, 2023 - ebooks.iospress.nl",2023
Focus on the 9th Annual Seminar organized by the Canceropôle Provence-Alpes-Côte-d'Azur: Highlights of the event,https://www.sciencedirect.com/science/article/pii/S0007455123001960,"L Verrier - Bulletin du Cancer, 2023 - Elsevier",2023
A SVM Applied Text Categorization of Academia-Industry Collaborative Research and Development Documents on the Web,https://link.springer.com/chapter/10.1007/978-3-319-06692-9_19,"K Kurakawa, Y Sun, N Yamashita, Y Baba - Analysis and Modeling of …, 2014 - Springer",2014
Computational Modeling of Science Communication with Natural Language Processing,https://deepblue.lib.umich.edu/handle/2027.42/194667,J Pei - 2024 - deepblue.lib.umich.edu,2024
Across the Spectrum In-Depth Review AI-Based Models for Phishing Detection,https://ieeexplore.ieee.org/abstract/document/10681500/,"S Ahmad, M Zaman, AS AL-Shamayleh… - IEEE Open Journal …, 2024 - ieeexplore.ieee.org",2024
Leveraging Artificial Intelligence to Enhance Media Literacy and Combat Misinformation,https://papers.ssrn.com/sol3/papers.cfm?abstract_id=4991258,"S Sarkar, A Ghosh - JNRID, ISSN, 2024 - papers.ssrn.com",2024
Possibilities of the spatial information system usage by the Internal Security Agency,https://agro.icm.edu.pl/agro/element/bwmeta1.element.agro-c9b4a1bb-4f61-4f48-95b0-ec9ab9896356,"J Ryba, M Ogrodniczak, B Ryba - World Scientific News, 2016 - agro.icm.edu.pl",2016
[PDF] A cloud platform for the internet of things,https://www.researchgate.net/profile/Vijayalakshmi-Sr/publication/308379692_Challenges_in_Integrating_Wireless_Sensor_Network_and_Internet_of_Things_for_Environmental_Monitoring/links/57e271b208ae1f0b4d95c83c/Challenges-in-Integrating-Wireless-Sensor-Network-and-Internet-of-Things-for-Environmental-Monitoring.pdf#page=16,"K Swarnalatha, SN Alankar… - … Scientific News, 2016 - researchgate.net",2016
[PDF] IoT & WSN based Smart Precision Agriculture,https://www.researchgate.net/profile/Revathi-Velusamy/publication/320237276_REVERSIBLE_DATA_HIDING_WITH_QR_CODE_APPLICATION/links/59d67176a6fdcc52aca7cba5/REVERSIBLE-DATA-HIDING-WITH-QR-CODE-APPLICATION.pdf#page=277,"MM Jayashree, S Sangeetha - World Scientific News, 2016 - researchgate.net",2016
[PDF] Leveraging social networks and knowledge graphs for discovering and recommending engaging and credible information,https://dspace.lib.ntua.gr/xmlui/bitstream/handle/123456789/55400/thesis_Danae_Pla_Karidi.pdf?sequence=1,D Pla Karidi - 2022 - dspace.lib.ntua.gr,2022
[PDF] Use Genetic Algorithm in Designing an Adaptive System,https://www.researchgate.net/profile/Lubna-Abdulahad/publication/330411028_Use_Genetic_Algorithm_in_Designing_an_Adaptive_System/links/5c3ec8e192851c22a3786a98/Use-Genetic-Algorithm-in-Designing-an-Adaptive-System.pdf,"LZ Bashir - World Scientific News, 2015 - researchgate.net",2015
Efficient Machine Leaning Algorithms for Sentiment Analysis In Car Rental Service,https://ieeexplore.ieee.org/abstract/document/10183435/,"S Nayak, YK Sharma - 2023 International Conference on …, 2023 - ieeexplore.ieee.org",2023
Challenges for intelligence today: Combatting misinformation and fake news,https://link.springer.com/chapter/10.1007/978-3-030-92798-1_14,"SJ Ceci, WM Williams - Intelligence in Context: The Cultural and Historical …, 2022 - Springer",2022
Detecting conspiracy theory against covid-19 vaccines,https://arxiv.org/abs/2211.13003,"MH Amin, H Madanu, S Lavu, H Mansourifar… - arXiv preprint arXiv …, 2022 - arxiv.org",2022
Diagnostic method by using vibration analysis for pump fault detection,https://www.sciencedirect.com/science/article/pii/S1876610218302984,"D Siano, MA Panza - Energy Procedia, 2018 - Elsevier",2018
"Early flood detection and rescue using bioinformatic devices, internet of things (IOT) and Android application",https://www.emerald.com/insight/content/doi/10.1108/wje-05-2021-0269/full/html,"R Khan, M Shabaz, S Hussain, F Ahmad… - World Journal of …, 2022 - emerald.com",2022
[HTML] Translation of Methodology of Technology Surveillance in the Universities and Research Centers,http://arielsheen.com/index.php/2019/05/31/translation-of-methodology-of-technology-surveillance-in-the-universities-and-research-centers/,A Sheen - arielsheen.com,N/A
Characterizing the spread of exaggerated news content over social media,https://arxiv.org/abs/1811.07853,"J Patro, S Baruah, V Gupta, M Choudhury… - arXiv preprint arXiv …, 2018 - arxiv.org",2018
[PDF] CONSTRUCTION OF A FUEL SUPPLY SYSTEM FOR VEHICLES RUNNING ON COMPRESSED GAS AND THEIR MAINTENANCE,https://www.researchgate.net/profile/Murodjon-Rakhmatov/publication/375961617_CONSTRUCTION_OF_A_FUEL_SUPPLY_SYSTEM_FOR_VEHICLES_RUNNING_ON_COMPRESSED_GAS_AND_THEIR_MAINTENANCE_1_Rakhmatov_Murodjon_Iskandarovich_Senior_teacher_of_the_Automotive_and_automotive_industry_department/links/6565745cb1398a779dbfc844/CONSTRUCTION-OF-A-FUEL-SUPPLY-SYSTEM-FOR-VEHICLES-RUNNING-ON-COMPRESSED-GAS-AND-THEIR-MAINTENANCE-1-Rakhmatov-Murodjon-Iskandarovich-Senior-teacher-of-the-Automotive-and-automotive-industry-department.pdf,"RM Iskandarovich, SZ Zayniddinovich… - … of Scientific news in …, 2023 - researchgate.net",2023
A Smart and Intelligent Home Automation System,https://ieeexplore.ieee.org/abstract/document/9666614/,"RBA Tonoy, HM Zilany… - 2021 IEEE 12th Annual …, 2021 - ieeexplore.ieee.org",2021
[PDF] NAVIGATING CYBERSECURITY: A COMPREHENSIVE ANALYSIS OF MACHINE LEARNING IN CYBER ATTACK DETECTION,http://www.jatit.org/volumes/Vol102No21/7Vol102No21.pdf,"SD RAJAN, A MANIKANDAN - Journal of Theoretical and Applied …, 2024 - jatit.org",2024
Potentials of internet of things (IoT) in Malaysian construction industry,https://papers.ssrn.com/sol3/papers.cfm?abstract_id=3524922,"SH Mahmud, L Assan, R Islam - Annals of emerging technologies …, 2018 - papers.ssrn.com",2018
[PDF] Correlation between Radio Flux (10.7 cm) and Sunspot Number Based on Statistical Properties,https://scholar.archive.org/work/udowtmzlnfe5de2etegrmyvm2u/access/wayback/http://www.worldscientificnews.com/wp-content/uploads/2016/01/WSN-52-2016-70-80.pdf,"ZS Hamidi, NNM Shariff, C Monstein - World Scientific News, 2016 - scholar.archive.org",2016
[PDF] Worm gear drive optimization considering industry constraints based on nature inspired algorithms,https://scholar.archive.org/work/xtd4gdwosfajlfbnjh5sof6lxq/access/wayback/http://www.worldscientificnews.com/wp-content/uploads/2017/08/WSN-87-2017-205-221.pdf,"N Ebenezer, R Saravanan, S Ramabalan… - … Scientific News, 2017 - scholar.archive.org",2017
The news values of fake news,https://journals.sagepub.com/doi/abs/10.1177/17504813241280489,"B Baissa, M Fuoli, J Grieve - Discourse & Communication, 2024 - journals.sagepub.com",2024
An approach to detect backbones of information diffusers among different communities of a social platform,https://www.sciencedirect.com/science/article/pii/S0169023X22000489,"G Bonifazi, F Cauteruccio, E Corradini… - Data & Knowledge …, 2022 - Elsevier",2022
'Don't Get Too Technical with Me': A Discourse Structure-Based Framework for Science Journalism,https://arxiv.org/abs/2310.15077,"R Cardenas, B Yao, D Wang, Y Hou - arXiv preprint arXiv:2310.15077, 2023 - arxiv.org",2023
[BOOK] Neural nets WIRN10: proceedings of the 20th italian workshop on neural nets,https://books.google.com/books?hl=en&lr=&id=cMPUGFltz68C&oi=fnd&pg=PR1&dq=%22science+news%22OR%22scientific+news%22+automatic+AND+detection&ots=SBVudCRdZZ&sig=FOwXKMC9kAXb8B_abx_m3bVq3UI,B Apolloni - 2011 - books.google.com,2011
[PDF] Efficacy of Reward and Punishment on Improving Misinformation Detection of Youths with Different Levels of Educational Attainment,https://www.academia.edu/download/68561808/INTROMETH_EXP_Calilungm_Flores_P_Pertes_Ustaris.pdf,"AJD Calilung, PAS Flores, LMB Pertes, CDA Ustaris - 2021 - academia.edu",2021
An Unsupervised Method for Intrusion Detection Using Novel Percentage Split Clustering,https://link.springer.com/chapter/10.1007/978-981-97-9743-1_12,"A Joy Christy, MJ Jeyasheela Rakkini… - … on Applications and …, 2024 - Springer",2024
Cochrane-auto: An Aligned Dataset for the Simplification of Biomedical Abstracts,https://aclanthology.org/2024.tsar-1.5/,"J Bakker, J Kamps - Proceedings of the Third Workshop on Text …, 2024 - aclanthology.org",2024
Generating scientific definitions with controllable complexity,https://aclanthology.org/2022.acl-long.569/,"T August, K Reinecke, NA Smith - … of the 60th Annual Meeting of …, 2022 - aclanthology.org",2022
How accurate are news mentions of scholarly output? A content analysis,https://link.springer.com/article/10.1007/s11192-022-04382-x,"H Yu, X Yu, X Cao - Scientometrics, 2022 - Springer",2022
"[PDF] The relationship between inflation and stock index in ten the last ten years, in Tehran stock exchange",https://citeseerx.ist.psu.edu/document?repid=rep1&type=pdf&doi=f827ec89d1d94ec8c7d868020c4d7e7bfbe15333,"F Ahmadi - World Scientific News, 2016 - Citeseer",2016
Pitfalls in Popular Misinformation Detection Methods and How to Avoid Them,https://deepblue.lib.umich.edu/handle/2027.42/174468,L Bozarth - 2022 - deepblue.lib.umich.edu,2022
Trend of narratives in the age of misinformation,https://journals.plos.org/plosone/article?id=10.1371/journal.pone.0134641,"A Bessi, F Zollo, M Del Vicario, A Scala, G Caldarelli… - PloS one, 2015 - journals.plos.org",2015
[PDF] Optimizing Document Similarity Detection in Persian Information Retrieval.,https://www.academia.edu/download/50575322/Optimizing_Document_Similarity_Detection20161127-6595-jxy8av.pdf,"O Kashefi, N Mohseni, B Minaei - J. Convergence Inf. Technol., 2010 - academia.edu",2010
A highly efficient content based approach to filter pornography websites,https://www.igi-global.com/article/content/68005,"TM Mahmoud, T Abd-El-Hafeez… - International Journal of …, 2012 - igi-global.com",2012
Bimodal Data Analysis for Early Detection of Lameness in Dairy Cows Using Artificial Intelligence,https://papers.ssrn.com/sol3/papers.cfm?abstract_id=4976718,"Y Dhaliwal, H Bi, S Neethirajan - Available at SSRN 4976718, 2024 - papers.ssrn.com",2024
An Automatic Extraction of Academia-Industry Collaborative Research and Development Documents on the Web,https://link.springer.com/chapter/10.1007/978-3-319-01264-3_18,"K Kurakawa, Y Sun, N Yamashita, Y Baba - … -Japanese Interchange of …, 2014 - Springer",2014
[PDF] A Survey on Resource Provisioning Heuristics,https://www.researchgate.net/profile/Vijayalakshmi-Sr/publication/308379692_Challenges_in_Integrating_Wireless_Sensor_Network_and_Internet_of_Things_for_Environmental_Monitoring/links/57e271b208ae1f0b4d95c83c/Challenges-in-Integrating-Wireless-Sensor-Network-and-Internet-of-Things-for-Environmental-Monitoring.pdf#page=69,"M Gowthami, V Suganya - World Scientific News, 2016 - researchgate.net",2016
Smart system to prevent forest fire based on internet of things,https://internetworkingindonesia.org/index.php/iij/article/view/71,"P Sihombing, H Herriyance… - Internetworking …, 2021 - internetworkingindonesia.org",2021
Computer Vision-Based Precision Livestock Farming: An Overview of The Challenges and Opportunities,https://papers.ssrn.com/sol3/papers.cfm?abstract_id=4770855,"RW Bello, DA Olubummo - Available at SSRN 4770855, 2024 - papers.ssrn.com",2024
[PDF] Advanced helical gear reducer design optimization through nature inspired algorithms,https://scholar.archive.org/work/iqwouhtmtff2jle3ajs27mtmyy/access/wayback/http://www.worldscientificnews.com/wp-content/uploads/2017/05/WSN-772-2017-267-280.pdf,"N Ebenezer, R Saravanan, S Ramabalan… - … Scientific News, 2017 - scholar.archive.org",2017
[PDF] The Enlargement of Type II Burst After Type III at AR 12522 on 16th March 2016 In Conjunction With Flare-Related Coronal Mass Ejections Event,https://scholar.archive.org/work/24eruvyrore3bj5wqfojldh444/access/wayback/http://www.worldscientificnews.com/wp-content/uploads/2017/01/WSN-702-2017-230-240.pdf,"N Husien, ZS Hamidi, NNM Shariff, MO Ali… - … Scientific News, 2017 - scholar.archive.org",2017
[PDF] Text mining for horizon scanning,https://core.ac.uk/download/pdf/343468175.pdf,"S BORCHARDT, C ESTREGUIL - 2020 - core.ac.uk",2020
[PDF] An Approach to Secure Communication in IoT (Internet of Things),https://www.researchgate.net/profile/Sujithra_Muthuswamy/publication/301887203_IOT_Security_Challenges_and_Issues_-_An_Overview/links/5b07aa4ea6fdcc8c252c61b8/IOT-Security-Challenges-and-Issues-An-Overview.pdf#page=33,"GFA Ahammed, R Banu, N Fathima - World Scientific News, 2016 - researchgate.net",2016
[HTML] From Information Overload to Knowledge Graphs: An Automatic Information Process Model,https://search.proquest.com/openview/a6b2ed2331dfb85e4334f43a0a327922/1?pq-origsite=gscholar&cbl=18750&diss=y,EH Thullen - 2023 - search.proquest.com,2023
Determination of metal content in sewage sludge and sewage sludge ash to find opportunities to use them in the construction industry,"https://mostwiedzy.pl/pl/publication/determination-of-metal-content-in-sewage-sludge-and-sewage-sludge-ash-to-find-opportunities-to-use-t,146280-1","L Świerczek, B Cieślik - World Scientific News, 2018 - mostwiedzy.pl",2018
Classification of Fake News in the Media/Social media Ecosystem,https://dspace.cvut.cz/handle/10467/115641,F Jan - 2024 - dspace.cvut.cz,2024
[PDF] Implementation of Complimentary filter on MPU 6050,https://worldscientificnews.com/wp-content/uploads/2025/01/WSN-199-2025-218-234.pdf,"S Das, S Nandy, S Chakraborty, J Singh… - Reading Time - worldscientificnews.com",N/A
Analysis of volatile fraction selected hybrid fruits using chromatographic techniques,"https://mostwiedzy.pl/pl/publication/analysis-of-volatile-fraction-selected-hybrid-fruits-using-chromatographic-techniques,141492-1","J Myszka, M Lubinska-Szczygeł, A Różańska… - … Scientific News, 2017 - mostwiedzy.pl",2017
[PDF] A Scientometric-inspired framework to analyze EurekAlert! Press releases,https://library.oapen.org/bitstream/handle/20.500.12657/87819/9783110776546.pdf?sequence=1#page=20,"E Orduña-Malea, R Costas - arXiv preprint arXiv:2311.02493, 2023 - library.oapen.org",2023
"[CITATION] Distribution, source fingerprinting and ecotoxic potential evaluation of polycyclic aromatic hydrocarbons in sediments of the River Niger at Okpu and …",N/A,"AA Chokor - World Scientific News, 2022 - Scientific Publishing House …",2022
Detection of abrupt change in trends of rainfall and rainy day's pattern of Uttarakhand,https://link.springer.com/article/10.1007/s12517-022-09883-w,"S Rana, V Deoli, SR Chavan - Arabian Journal of Geosciences, 2022 - Springer",2022
"[PDF] Using Machine Learning to Enhance"" Students' Assessment"" Moodle Application",https://www.researchgate.net/profile/Khaleel-Mershad/publication/341112841_Using_Machine_Learning_to_Enhance_Students'_Assessment_Moodle_Application/links/5eaec6b0a6fdcc7050a51fc1/Using-Machine-Learning-to-Enhance-Students-Assessment-Moodle-Application.pdf,"A Moussawi, P Ibrahim, B Said, K Mershad - 2020 - researchgate.net",2020
Analysis of Financial Reports in Companies Using Machine Learning,https://armgpublishing.com/journals/fmir/volume-7-issue-4/article-11/,"P Artem - Financial Markets, Institutions and Risks, 2023 - armgpublishing.com",2023
Intelligent classification of web pages using contextual and visual features,https://www.sciencedirect.com/science/article/pii/S1568494610001006,"A Ahmadi, M Fotouhi, M Khaleghi - Applied Soft Computing, 2011 - Elsevier",2011
Pub-Guard-LLM: Detecting Fraudulent Biomedical Articles with Reliable Explanations,https://arxiv.org/abs/2502.15429,"L Chen, S Fu, G Freedman, C Zor, G Martin… - arXiv preprint arXiv …, 2025 - arxiv.org",2025
[PDF] A Machine-Learning-Based Business Analytical System for Insurance Customer Relationship Management and Cross-Selling.,https://www.researchgate.net/profile/Xiaoguang-Tian-2/publication/377103872_A_Machine-Learning-Based_Business_Analytical_System_for_Insurance_Customer_Relationship_Management_and_Cross-Selling/links/65be3ecd1e1ec12eff6f96fa/A-Machine-Learning-Based-Business-Analytical-System-for-Insurance-Customer-Relationship-Management-and-Cross-Selling.pdf,"X Tian, J Todorovic, Z Todorovic - Journal of Applied Business & …, 2023 - researchgate.net",2023
[HTML] African Swine Fever—How to Unravel Fake News in Veterinary Medicine,https://www.mdpi.com/2076-2615/12/5/656,"A Trotta, M Marinaro, A Cavalli, M Cordisco, A Piperis… - Animals, 2022 - mdpi.com",2022
Increasing the credibility of scientific dissemination using crowdsourcing,https://oulurepo.oulu.fi/handle/10024/14178,A Kongjonaj - 2019 - oulurepo.oulu.fi,2019
Turning a traditional library into a smart library,https://ieeexplore.ieee.org/abstract/document/9004242/,"A Ozeer, Y Sungkur… - … international conference on …, 2019 - ieeexplore.ieee.org",2019
[HTML] The changing information environment for nanotechnology: Online audiences and content,https://link.springer.com/article/10.1007/s11051-010-9860-2?platform=hootsuite&error=cookies_not_supported&code=103fc68e-0f9c-40d0-b7e5-67a221c4fd7f,"AA Anderson, D Brossard, DA Scheufele - Journal of Nanoparticle …, 2010 - Springer",2010
[PDF] A Study on Technologies User for implementation of Internet of Things,https://www.researchgate.net/profile/Sujithra_Muthuswamy/publication/301887107_Internet_of_Things_-_An_Overview/links/5b07a9e80f7e9b1ed7f1ec20/Internet-of-Things-An-Overview.pdf#page=114,"KS Sindhu, M Aasha, S Sivakumari - World Scientific News, 2016 - researchgate.net",2016
[BOOK] The Routledge handbook of discourse and disinformation,https://api.taylorfrancis.com/content/books/mono/download?identifierName=doi&identifierValue=10.4324/9781003224495&type=googlepdf,"S Maci, M Demata, M McGlashan, P Seargeant - 2024 - api.taylorfrancis.com",2024
Anatomy into the battle of supporting or opposing reopening amid the COVID-19 pandemic on Twitter: A temporal and spatial analysis,https://journals.plos.org/plosone/article?id=10.1371/journal.pone.0254359,"L Li, A Erfani, Y Wang, Q Cui - Plos one, 2021 - journals.plos.org",2021
Popularisation of science and science journalism on social media in slovakia,https://www.ceeol.com/search/article-detail?id=1129841,"N Vrabec, L Pieš - Media Literacy and Academic Research, 2023 - ceeol.com",2023
[CITATION] Syndicating and personalizing content using RSS,N/A,"T Hannay - International Online Information …, 2004 - Learned Information (Europe) …",2004
[HTML] Navigating AI cybersecurity: evolving landscape and challenges,https://www.scirp.org/journal/paperinformation?paperid=133870,"M Roshanaei, MR Khan, NN Sylvester - Journal of Intelligent Learning …, 2024 - scirp.org",2024
Analysis of Financial Reports in Companies Using Machine Learning,https://essuir.sumdu.edu.ua/handle/123456789/94192,A Piven - 2023 - essuir.sumdu.edu.ua,2023
[HTML] Combined approaches for detecting polypropylene microplastics in crop plants,https://www.sciencedirect.com/science/article/pii/S0301479723020467,"İÇ Erdem, C Ünek, PA Süt, ÖK Acar, M Yurtsever… - Journal of …, 2023 - Elsevier",2023
Scientific misinformation and fake news: A blurred boundary,https://www.tandfonline.com/doi/abs/10.1080/02691728.2022.2070788,"A Elisabetta Galeotti, C Meini - Social Epistemology, 2022 - Taylor & Francis",2022
